x1,x2,x3,y
0.285996433862135,0.28926627983209885,0.30606221355993846,0.8100539269173109
-1.0,1.0,0.7012052578687356,0.9061700203176891
-0.14012146898592936,-0.1723665941358088,-0.3091570053472712,0.24134683202111773
-1.0,0.9046866710352306,0.6446725260286967,-1.2937935001533334
0.8496049628896571,0.5682382947038498,0.22573702378033467,4.385446056262642
0.40461183075235896,0.3000714825563984,0.0012926356404827644,1.5152358148543572
0.1390701396831544,1.0,-0.5576934418584867,11.707105724010045
-1.0,0.6246712797479108,-0.0749370100908835,-1.3849452248379701
-1.0,-0.2506870278761668,0.15626128641663262,-3.508897548235766
0.17556261022731423,-0.23167101152964387,0.0446518290820801,0.9020828971319026
0.07356541671366146,0.1425708472693188,-0.3729242201678591,1.0561887851061607
-1.0,1.0,0.5567323319705129,1.2081363784257415
0.22378511525141476,-1.0,-0.22882502867261167,1.6644028062022551
-0.37731082192522813,-0.2836680736692778,-0.6735821399161352,0.4944206724405865
0.19813746915947772,1.0,-0.2232783932548068,9.670120583586309
0.684805887039116,0.9566070665363948,-0.9116071269497494,9.304794989630853
1.0,-0.14883554649399633,-0.6169318725258048,5.464901489520692
0.9173133033852339,-1.0,0.030800211421897705,-5.930829939021651
0.40606846123644846,0.525241852741928,1.0,3.597556257779978
-0.557528475373132,0.7735233100874073,0.4025324549865499,-0.3075573679967248
-0.5945416996204882,-0.7791998457278213,0.29450251758500445,2.2569001488940104
1.0,-0.4103230322277409,-0.3229726927688601,4.220243763886955
1.0,-0.3073473962027453,0.6743249836177438,5.749246600129756
0.03283061679451538,0.39187578176815285,0.8670070696283232,0.8303067509832918
-0.27820007506922173,0.9744710095783979,1.0,14.379686219809573
-1.0,-0.5906732535589303,0.4801281421160919,1.7194445774078264
0.21417987028385643,0.30093629499252383,-1.0,-3.1954890783579333
0.018854380100208568,-0.2085161979327983,0.5370773001391367,0.5408463076199606
0.43800780560438435,0.2318987448597094,0.6621681385411944,0.37586630224040896
0.634739266271787,0.017011521588851997,0.5391654474018668,1.5959848812031627
0.5904100621074417,1.0,-1.0,8.674819190528071
0.6688364267661702,-0.3876063117929427,-1.0,-4.353792656087017
-0.9574612701433207,0.6287142018608425,-0.21520464435371167,-1.1579086099870253
1.0,-0.8452300157640709,-0.7016018555175687,-0.8826656667851582
0.7910376399792258,-0.927985588734531,-0.18872639945551328,-1.5214636930574081
0.927180321018241,0.8566122567062378,-0.08216589092786153,7.538298625771173
0.8334081856636044,-1.0,0.7847822408257705,-3.6238830845003243
0.14791220128856963,-1.0,-1.0,-18.793965505481143
1.0,-0.8404381519083957,0.3944859793244804,-0.6749833879765993
0.6654256297205627,0.379230806790378,-0.4456482197015963,1.5394645892963443
0.9350559260804632,-0.869913320452375,0.4745592412108137,-1.3283973135905596
0.598972800693981,-0.7534302307831691,-1.0,-10.286412458776885
-1.0,-0.5555966170019746,-0.19606178782582973,-0.6785996168217345
1.0,0.7598767274751332,0.745713664965268,15.761359077816092
-0.9512133780719032,0.36694373709475125,0.31521011877426264,-4.172103034273368
-0.9733824649237719,-1.0,-0.06558712129845667,6.703534881852511
0.5813058237697728,0.03890723527363016,0.2726772403467963,1.341362559368136
0.08870476883191647,0.6066910543833097,-0.21950056046558686,0.8017151474087126
-0.36827800453876436,-0.32427395780018453,1.0,0.2667370499069958
-0.41540124209174056,1.0,-1.0,1.4049945090210552
-0.06629660126649806,-1.0,-0.609247209011532,-1.1795141011422037
1.0,1.0,-1.0,38.705505948202415
0.13357692704622126,1.0,0.9587927543408923,10.682807763079419
-0.016526704724280084,-1.0,0.5751083865529187,1.0653472775242838
-0.7717796238185703,0.7707130667494217,-0.881679898825855,-0.37137291238144154
-1.0,-0.7988568950312747,0.38302166595967835,5.977138036198826
-0.6013873208335265,1.0,-0.11780660360603834,5.155890280969819
-1.0,-0.6428114612003544,-0.7612835648410374,0.36020017207642074
0.14375873703151631,0.5661821677748236,-1.0,-3.5501851873733536
0.34910562725401095,-0.8665594106983778,0.11334510977255952,0.9742231392803814
-0.20686148101233237,0.6492397562380436,0.6044890433281778,0.6487240130419182
0.811418460789626,-1.0,-0.372444357726861,-5.662159449310516
0.18757775649784314,-1.0,0.21885638234449178,1.9408553527141839
1.0,1.0,1.0,25.94672711729263
0.013126686913680796,-0.8961767849060986,0.3712241378687928,1.9760771111206596
-0.17029487059546433,1.0,0.821793904427268,10.192026758773265
-0.6124863772935172,0.33856835775726113,-0.44303202882850345,-1.16008067652869
-0.37966777276080377,0.9711903671791726,-0.9879992908740167,-0.6975292657198572
0.3218062068205305,-0.08671449993678793,-1.0,-3.414933610820173
0.027425239865130457,-1.0,-0.6792414379440959,-3.719236652495759
1.0,0.0158753216426204,0.8755441537495452,10.446993368276315
-0.992209314770349,0.48818994931089454,-0.2648713945868262,-2.360440042099487
-0.7368718825927141,0.6396618258980906,-0.002991056305617912,-2.4992253238000517
-1.0,-0.5428111676803276,0.06794353876851589,-0.43229302929476304
1.0,1.0,0.417852969989549,13.01659994818561
-0.13565144564057308,0.5303502080432883,-0.8324166293780138,-0.5702893687415274
-0.6578969445790828,1.0,-0.4188830804861712,5.039307947658765
1.0,-0.6916584674050434,0.486700533699969,2.8463474814255445
-0.4330410191788667,0.983950997079476,0.02505660455568348,4.5667913253689
0.8137291986621298,0.93413467469601,-0.3346273311895116,7.8102763597168545
-1.0,-0.26365793925254555,0.31045323228577626,-3.1717391175519443
-1.0,-0.3555040288122191,0.9180663808381373,3.08266983044407
0.5963459652308025,0.26080568331520126,0.619650584149098,1.77816172771529
-0.6067185929281727,0.506561091453702,-1.0,-1.9559589562328596
0.13813493141928634,-0.6896367230576661,-0.9073958878097372,-3.1259071642423404
0.22605190973238898,-0.387856943082983,0.5996470018023505,1.2785439715754925
-1.0,-0.6952285914937055,0.4402507435751972,3.623351737596153
0.21336655169072882,-1.0,-0.11610477383203266,1.1707170600965133
0.2702445353885774,-0.8221042065254212,-1.0,-10.742513986722164
1.0,0.05100255292797584,-1.0,8.362466762532764
1.0,0.06761828004706816,-1.0,9.130027938869004
0.5409299530631113,-0.112977734673402,1.0,-1.3740463693853107
0.912123019485731,-1.0,-0.5513807428191455,-9.146470814945378
0.32728677839318276,0.7753820445886792,-0.319956602720189,2.2261505329444673
-0.3377341840059094,0.7152900660077679,-0.609522914848579,-0.7188920943277857
-1.0,-0.035263846327550974,0.3696185413612043,-4.104940045092142
0.02031711661707214,-0.4067686947426339,0.29721979058608605,0.6589986178689329
-0.2235105383418814,-0.6928255972354926,-0.15147836581489305,2.1874144377810474
-1.0,-0.6073282059738787,-1.0,5.26296568145818
1.0,0.31549049111822747,-0.34615086433783704,5.185987561043502
-0.7741473058628514,0.48296153889295756,1.0,3.9585784481400643
-1.0,-0.5577733447031554,-0.5419452566354301,-0.49753715467405596
0.46312351070367064,0.8690771170108387,0.10177073826133998,3.8744224535097587
-0.05396129343406053,0.5909253125934444,-0.38776679687013904,-0.6374300622821573
1.0,0.07749641771580329,1.0,14.156518887706069
-0.3214335877947678,0.7674912650201371,-0.1429893804216149,0.9186645403096743
0.1479161627894412,0.15817758061734444,-0.29839295072745964,1.4431912992978018
0.2974258257308515,-1.0,0.2657633933492136,1.2151205090904904
-1.0,-0.5147891457140361,-0.03887159198483214,-0.25142814828455573
0.6155467289506715,0.6233883726071077,0.26023990042907563,2.1192196709262685
-1.0,-0.15912977035483533,-0.6513900884098627,-0.06724407934530108
-0.7963824356882161,0.07847670469014201,0.8908960434156878,1.0611605194269766
-0.8379430722165018,0.5410542845039608,-0.645413805641881,-0.7784320402459655
0.05655547910945691,0.9832418691018285,-0.5997814700567323,8.290748965356642
-0.9099343804244233,-0.7724123259787583,-0.531453513277466,2.9968804288875535
-0.8454848249861748,-0.5673992389712998,-1.0,2.3473572339763704
-1.0,0.44862975255102766,-1.0,16.80583584221418
-0.07616713601541325,0.6336381301262353,-0.621180247154498,0.31950599490676607
-0.15582060293175326,-0.7574811084985424,-1.0,-8.081124954846096
-1.0,-0.357933808092193,0.824278433212501,2.363311402001068
1.0,0.01582319771309626,-0.43660450752585866,4.765490641787501
0.34228255121768414,-1.0,1.0,-7.151020040870455
-0.9734999636201449,-0.7496047868337059,0.468819067385152,4.914858346082712
-0.26926762248633906,-1.0,-0.7290065554843754,-3.7432152589721253
-1.0,0.4878197749428832,-0.24798527105391566,-1.1472411485086984
-0.7637477939763806,-0.39022738894367937,0.024540553344799543,-0.029929609213036446
0.05937153035403053,0.013095047567101004,0.9673400663849292,0.3323536813368721
-1.0,0.30849299031919997,-0.18554143964695435,-3.022577111115969
-1.0,0.12003792000291047,-0.5037562479189763,-1.4762540633723766
-0.7996100978429002,1.0,1.0,16.038084881875633
0.7285949042109645,0.6041330888049083,0.6886943394047444,4.392936859303289
0.6832814525207369,1.0,1.0,11.286646067568118
-1.0,-1.0,0.18376113402295657,8.434944972929111
1.0,1.0,-0.15504039021141014,15.551455078262798
0.45892331227704464,0.23009094439327105,-0.4755826354384256,0.6087043005788428
-0.49605388189803534,-0.20899424038341197,0.2794341300212717,0.2992244682297574
-0.32615285735069444,-0.7229969465364738,0.7116981936314037,1.0858426670726757
0.8658090875939208,0.09976631374129452,0.9732102705652519,6.54467069138888
-0.5596000549619544,0.24233981975582997,-0.7027621246964841,-1.0945999142461056
0.005995634312230047,-0.6111901923741021,-0.18802282084868316,1.7803005002913452
0.18472758465409123,-0.3963203485416964,0.6334709501089171,0.5974271131417954
-0.4196362770800146,0.48012238338705404,0.968885693439955,2.575714226954733
-1.0,-0.02198631500169168,-0.41491162147766425,-3.32685436117514
-1.0,-0.6251887458853675,1.0,11.477651115482349
0.13120510814680397,0.2356035815382298,0.9036497532629573,0.8394792732351238
-0.3781766214594706,-0.013400989262325691,1.0,1.442396587889385
-0.37196850884608224,0.0065217050515189445,1.0,2.2127007318876317
-1.0,0.2733902615428019,0.7222329500187306,-3.8533360051237295
0.026694134328957286,-1.0,-0.16009804154322183,1.8579956144548166
0.05950732774274292,-0.8809771882132869,0.6560586867862133,1.1068897439701182
0.7540720333244566,-1.0,0.3711164667204525,-2.1814013914623716
1.0,1.0,-1.0,39.170390477378994
0.8770334412133571,0.3883308098292553,0.3799432040937063,5.228626952896822
-1.0,0.46458298499115847,-0.6180802271622743,1.783198440116826
-0.8673277865469182,1.0,-0.6084011459236338,6.07014387650036
0.04301231564666774,-0.011430300205125254,0.4683660997912793,-0.15739961255219675
0.5036096494337583,-0.37436518068916635,-1.0,-5.473851317590871
-0.6656734325108964,0.1376628798402335,0.7455012657272309,-0.9550900271306288
-0.4773015198319859,-1.0,0.059332844552014485,2.7323078470168256
0.0827153829843632,-1.0,0.4453519117951579,0.9820151147301546
0.2301776009152594,-0.564514231422448,-1.0,-6.927811734814527
0.3864009877541512,0.5601003567446647,-1.0,-3.1349420869061855
-0.8925906485729063,1.0,-0.3589506292736053,5.842761385461959
0.8439128072774538,0.07851936278634741,-1.0,1.9638350510729878
1.0,-1.0,0.4627013441473111,-6.59772570297316
0.29196904759031406,0.6097881593080758,-0.145861878252024,1.195441675273036
0.3001219458954212,-0.18152383468948075,-1.0,-4.032335105654013
0.1948284629189676,-0.04810010054575198,-0.45384365342957,0.5605774856919697
-1.0,-1.0,0.41845179493681695,11.414371421459345
1.0,-0.9160807078562112,-0.021533539329001483,-2.014340016091352
1.0,-0.10114342245151042,-0.8697844631843472,7.652597993847997
0.17206127243970393,-0.7020753929855297,0.3896242807206547,0.8057052867426425
0.40245064142706677,-0.46040107222320414,1.0,-3.3192503486431075
0.9086829699890135,0.49543156004777145,0.5110275459491089,6.574629227109471
-1.0,-0.20984381260664597,-0.08927851020261812,-4.480731721704862
-0.6804364979953113,-0.6783168560899167,0.07546198046985553,2.1546398771185955
-0.7285086620555006,0.8812429447320975,1.0,11.725968371465646
0.03080964148674248,0.12193715337677302,0.8898845605066457,0.1594923198467425
1.0,-0.312981274324569,1.0,7.583792496772439
1.0,1.0,-0.19812626961129398,16.17828962543385
1.0,-0.10692267669929634,0.553945271522537,6.271131653631075
1.0,1.0,1.0,26.168025542752773
0.6640296792403333,-0.048296385376739304,-0.2273140601360859,0.9679872792087236
0.015165524942437392,0.4838402054166129,0.07021105834879848,0.007085222228654653
1.0,1.0,1.0,26.03073709138319
0.4312485838132276,-1.0,-1.0,-21.48676237938167
-0.04545531488892496,0.06056707053760202,0.001133504009222852,0.9268573763509667
1.0,-1.0,-0.4631782811397058,-10.79956003698509
-0.3220934627497898,-1.0,-0.10097895090791997,2.900615367274232
0.2371049245076382,-1.0,0.6149072376739682,-1.0881027628527429
0.6164447943982736,-1.0,0.11987162652201855,-1.154765391267969
-1.0,-1.0,1.0,23.11468818416604
1.0,-1.0,1.0,-9.11533307698742
-1.0,-1.0,-0.23206424053152896,6.575416489724031
-0.7760872168733735,0.14492190898148571,1.0,3.008547718590678
0.21560151970959063,0.6598634967576984,-0.8973591482087087,-0.9496970184330651
0.24768052356429204,1.0,-0.2500218889620034,10.301164100065414
0.8428071420102305,-0.45854126479219803,1.0,-0.02676495623252806
-0.4810730911365435,-0.34812433802261156,0.9204063636207811,0.6328930787865351
-0.6493249246683432,-0.570837004586422,-0.026199455480396816,0.8671314680785533
0.31297628196699745,-0.7046781507614086,0.6437069499063295,0.703054932377983
0.946689659372969,0.18822103712074134,0.9602319567396636,12.324786231848549
-0.07923578360516781,-1.0,0.7284454379847123,0.350493652366882
-0.7354612028875109,-0.6860467641206525,0.5026128117780375,2.0617769733802573
-1.0,0.023264320691278373,-0.8591077929879638,4.832895288154129
-0.8599973557868428,0.07553561175792711,0.5435110761485495,-2.46544057890537
0.1930486537860583,0.2920983663389609,-0.39065086284822437,0.22015882274853238
-0.05242571599033141,-1.0,-1.0,-16.46335037608446
0.12242446013673303,-1.0,-1.0,-18.189225194295098
0.9741899136458401,0.9310144676864169,0.527430364710987,11.83728302338772
0.6310433972550851,0.35087811730001595,-0.06297360784991479,1.5690380079189887
0.2651137686293943,-0.0442311686964989,0.00936810599746063,1.1172063908209628
1.0,1.0,0.11309170572267702,14.297320024759607
-1.0,-0.2322220354507547,0.7725548690234874,-0.548509423103624
0.7097793349316897,0.20113467914980365,-0.2474803569140296,1.6130359728514896
-0.8285665343109276,0.8786718493632217,1.0,11.58056912796006
0.33297882442479865,-1.0,-0.789938362209597,-8.745335889901158
-1.0,-1.0,-0.003083974560666336,7.487967203996923
0.4908268945662533,-0.6044174651459704,-0.6634068455154349,0.03255472022866113
0.1916663675550312,0.5531477842860091,-1.0,-2.8345880123092537
0.584575732213235,-1.0,0.7383498631340228,-2.4090060848969284
-0.9994864819479881,0.5007849060980003,-0.39575641545159934,-0.9206111110170181
-0.11776299644424149,-0.010247297083968876,-0.3414556072054087,0.6907746153291054
0.44727910997599274,-0.50474416445237,0.9025258408490624,-2.1562119314823227
-0.46039567733530196,-0.35566376709061753,0.28598726819837106,0.5880623620304544
-1.0,0.5959392805491921,0.6835716472618738,-3.188943083969509
0.018332702201453,-0.4607498940904007,-1.0,-5.731917328159653
0.2744073753326566,0.41833398252963283,-0.0056457147825590415,0.22799031705853323
-0.39904942031406576,-0.13089438895700156,-0.5647076612031381,0.3696788166109745
-0.011925600071944542,-0.6205430833001908,-0.2900413733051701,1.3904508163121079
-0.5444591168735256,-0.07924718868611436,0.18460035355580806,-0.7584511481661291
-0.11106253766377261,0.09630909297139167,-1.0,-3.2703812123558236
-0.472545059830749,0.6910064022120181,-0.0017608648777465152,-0.34252955801078355
-0.5856905224732456,0.8163152437449082,0.24258690119260096,-0.7106603930654818
-0.3110557421759048,0.6765009871850047,0.6011366967542306,1.3466263393782456
-0.279781694609488,-0.1671464661957336,1.0,-0.043103140422380504
-1.0,-0.9769001453133739,-0.19304836364215983,6.788418596929011
-0.26462179049724943,-1.0,-0.5973299815773765,-0.760189755772629
0.7587716228601316,-0.08534504161290801,0.8669208798301247,1.8162386993848278
-1.0,0.11125124352265114,0.7843328188075851,-2.015294647067453
-0.06937092588134708,-0.6000927492757102,-0.9111763852620598,-3.9825330091738356
-1.0,0.1848106502280853,0.08164681514927241,-4.231080370277096
-0.8126161533918599,-0.43486608064292587,-0.45403444540427684,0.8818168253901691
0.7323254505959447,-0.5745455098847039,-0.11262558732608308,0.4675884566288522
0.3895465255564967,0.11430870556182615,1.0,-0.23235015858675717
-1.0,0.05115736785193992,-0.7238336501852831,1.3851485342493741
1.0,-1.0,0.1759269281118261,-8.022982890680442
-0.16223352311896422,-0.6041175788113036,0.9976888906746488,-1.339598846180519
-0.751161192206478,1.0,-0.33145576119353404,4.832860183932027
0.6204600683614865,-0.27291499494660076,-1.0,-4.199537970796411
1.0,0.017856275480262918,-0.905622540269563,8.35855626784848
-0.09871490862499344,-1.0,-0.08052630737399147,2.4712777020582197
1.0,-0.10950064097665857,0.1581709820584276,5.048800119981164
0.4896164739538702,0.6904228237932781,0.823457545891368,3.4300139078443332
0.6475361639152746,-0.4571224711262143,0.17547146355363696,0.9456527888556984
0.2850846497520263,1.0,-0.5573862931366296,11.754451824759418
-0.45439899780231774,-0.6485832660058557,0.48586649860844644,1.5936298571724137
-1.0,0.1803854976376542,0.20900323163136103,-5.2235376754827145
0.43836274905213335,1.0,1.0,9.66599973578412
0.22746660362159488,0.950292693575818,-0.08630052181755365,6.084871331918759
0.050095204078543176,-1.0,1.0,-6.230621297952
0.09208373467663789,-0.1996384320817084,0.3014329944426535,1.1637153925726191
0.5234733981018103,-0.707239843286189,0.9513124691463457,-3.169761139192642
-0.8870509487123555,1.0,-0.6334209388880954,6.497129015086232
0.1318244014472436,0.6557783670925679,-0.13110715205012213,0.48629460797608465
0.1743812428949767,-0.704006697951304,0.12148993861597579,1.7484534974265582
-1.0,-0.45440771905591104,-0.3939293257521572,-0.9983572190303558
0.252510641547008,0.12053812771085548,-1.0,-3.2005262252872804
0.36493068621213576,-1.0,0.02453454651584064,1.8632466689728564
0.6593981849610602,1.0,0.03914363791460995,8.122187014675143
0.6762327694890389,1.0,0.050316454419075285,7.769878530487668
-0.11539279896590715,0.4699071756344386,1.0,3.711520921879708
0.10444220665528392,1.0,0.26991858071570274,7.360506352764536
1.0,-1.0,0.025488533256567747,-8.066704357720218
-0.06570748283256189,-0.9553886074112963,1.0,-4.694579995648137
0.0777378117610168,-0.6821608242071173,-0.49366802844805546,0.987070661342244
0.21906675236402617,-0.5432904857444323,0.37257098125608,0.6556703222385735
1.0,0.08633906045918494,-0.35417645970716816,5.222861658774239
-0.030580559289820508,0.45877688209203704,-0.7427530742005684,-1.0109834518870828
-1.0,-0.4176939458535931,-0.10700844493385508,-1.6720222629143784
-0.17942339403696583,-0.14683298904536835,1.0,1.5654117224009036
0.25166035749981486,1.0,-0.9346554719130025,7.145649643906663
-0.5863952933013383,-0.5480381966205683,-0.9437729907292116,-1.2934973370798553
0.552041092357471,0.09689305926677338,0.5264627247802012,1.9297095602342218
0.5897485841373493,0.11121366740180028,-1.0,-2.4372016131991723
0.18249215351055792,-1.0,-0.15775681441110878,0.8287992518872118
1.0,0.5639558626334638,1.0,24.331503586327322
-0.9012411406059704,0.3994183577177284,-0.826852147062952,4.005258449866319
-1.0,0.21470198214675396,1.0,2.368479513906655
-0.9820556724623835,-0.4245999043724975,0.7042963514748435,1.6958459133382435
-0.24013128786983273,0.07224609375393043,-0.5028487752637669,-0.00262085551306962
0.5046703748546137,-0.6432983280525169,0.1660083194584041,0.5983456017984515
-1.0,-0.5834329211795515,-1.0,5.6230795787647265
1.0,-1.0,-0.26976300838192047,-8.593522897764245
0.16679785403573777,-0.06056384995627395,1.0,-0.7852492401215739
-0.9305753817970883,-1.0,-1.0,0.3831419666703826
-0.4240335180169139,0.34989513829615904,-0.08461956440387364,-1.8743866457159848
-0.012997391713882811,-1.0,-1.0,-17.128104113577393
-0.1483516013486752,-0.4997906926715405,1.0,-1.072505826915211
1.0,0.7555417176850288,-0.10280586533866098,7.675415603864754
0.21041220597313148,-1.0,-0.03983500552473562,1.1326212227961627
-0.08318425368179039,0.09891794652309294,-0.0383265024390016,-0.6327556022726198
-0.8601356581754362,0.6555664570382742,-1.0,7.118776317943271
0.6817384543030625,-1.0,-0.25336544850155684,-2.8168188473050884
-0.09489852794599085,-1.0,0.49916932060729935,0.8950620010200001
-0.5636937416750119,0.13862865983383754,-0.8845270265811749,-0.13378688834069669
-0.24917210184557348,0.04535636677220323,1.0,0.8080123857138577
-0.9895024872076297,1.0,-0.3256183255352494,10.43757036495133
-0.8483035080577821,0.6354444036045057,-1.0,5.583460767870757
-0.912603277956392,-1.0,-0.35528008412188594,5.630206547170653
0.18574313775929618,0.08877213051417598,-0.2462581219852089,2.2180580146034923
0.3355203996518248,0.6364755186070299,-0.602393365516831,1.141889875957014
-1.0,-0.23542199836568245,0.11364381609869745,-4.300164016797692
-0.22585690469072683,1.0,-1.0,1.7911587463111212
0.8665105902274739,-0.5909974821268371,0.8056093041482155,1.2304235562684824
0.2420604993803206,-0.5380631870822787,0.24912828631505013,0.7836512212807303
0.18034416525776953,1.0,0.43756219336358937,7.49625795274097
0.2521843505328769,1.0,-0.3734048751370007,10.029785213452223
0.5614083025779142,-0.010921080738100386,-1.0,-2.9708127180611577
-0.0012053881226272711,-0.8779083451853995,-0.03105823331135782,2.6853437958242017
-0.4547161129096393,-0.006080626129028266,1.0,1.978343982803386
-0.9522054405905902,-1.0,0.5577794936863443,12.43074202036487
-0.39820128103533325,1.0,-1.0,0.42642486487986275
0.6261424957719754,-0.24678796872629083,1.0,-0.8065857458601987
-0.23875642565266486,0.007764216867540474,0.40175286457088677,0.3109648277263603
-0.08953547521701855,0.19513303094456314,0.29525018909392853,0.4378195948958243
-0.509636477565234,0.38525382814278974,-0.06388107517580832,-1.2407400935447386
-0.0912453365219672,-0.3635831753145322,0.16579885821628393,0.9313340922272444
0.4214787958814228,0.7413273905050688,1.0,6.06533522304573
-1.0,-1.0,1.0,21.818140609839308
0.8828279518223607,0.3208803830362381,0.19687077715266077,3.8894117581012018
0.07413192222441722,-0.5888408270006402,0.6075725501515181,0.6390144303062861
0.8861168060939206,1.0,1.0,18.469470423673762
1.0,-0.12637765091564024,0.3985830239377217,5.250154630240312
-0.36513474748301333,-0.3197010627025578,1.0,-0.1972892870541244
-0.8631650638272408,1.0,1.0,15.757241393539768
0.924310508773724,0.9448698985658557,0.9304646210372822,18.093358457468188
-0.556366194764021,0.7407995101168632,0.7921228414905581,1.7481996826806603
-0.34778622655922353,1.0,-0.31683436996561887,7.34852987231107
0.5645168625411512,0.13759953727183327,0.03311878100097432,0.8328337047778511
-0.18630327573313443,0.5254065664124192,-0.6306993697243575,-1.1439587470044121
1.0,-0.13244828787436158,-1.0,6.480335015716673
-0.09077546199629061,1.0,1.0,13.170847923353186
-0.8640549537941102,-0.8321078224753988,-1.0,1.2291672087127958
-1.0,0.6728251859458234,1.0,7.957299988523051
1.0,-0.9060860703167959,-0.07540385745125944,-2.5431668732747674
0.8458289821987703,-0.6867615748572848,1.0,-2.167629187960055
-0.8491772073577859,0.30250252276974354,-0.25408330323330786,-2.6609572799987142
0.7031710358113521,0.506697315075493,0.002411198507319856,2.328228925759211
0.24118688824230472,-0.2649528208077485,-1.0,-4.197247035658681
0.5569975949459647,-0.16072507280501047,0.17335903473864867,0.5513340631481201
-1.0,-1.0,0.7823018828380051,16.94534218985992
-0.16313419891273018,-0.46895702386764104,-0.11154340924398043,1.1842675161540395
0.5894051249875085,0.2216475446137578,0.8387327929055639,2.0808462592528087
-0.3850028311833462,1.0,0.7989863524393159,9.733938804206366
-0.5761149260332672,-0.6465027677394273,0.3064755797303904,1.7071020762813254
1.0,-1.0,1.0,-9.451078236665746
-0.10171134416031546,0.24965426876689256,0.24670497853810502,0.33882577368605094
0.6344286278587665,0.5752729645427026,0.9853351086938642,6.03423913727808
0.061092132256116205,1.0,-1.0,4.6982313511509375
-0.9086822023290171,0.8277889966925145,-0.8248600734741736,4.8267616908227025
-1.0,0.00041450226472905527,-0.4082256523426431,-3.0508448248181623
-1.0,-1.0,-0.6440565214240626,4.408511723660231
0.987272845131419,-0.2133485381274851,0.4598699874680423,5.374514864796301
-1.0,-0.17125975495889967,0.39151678369282195,-2.850840380193672
0.9428170057820215,0.20182415393279363,0.3085667284611886,4.470890784702037
-0.5396423242277304,0.6513957363898721,-0.19669829876479783,-1.5652769907621715
1.0,-0.5213527556396123,0.8702327978017037,5.664535771869839
-1.0,-1.0,-0.9768539813795163,3.188362891809754
0.5117098914063378,-0.3618428064779122,-1.0,-4.688205098814917
0.16056988327721244,-0.4904123885670306,-1.0,-5.988649898347672
-0.4757599465385469,0.3200523774921611,-0.08340436008353924,-1.2030962400458711
-0.18432767413695772,-1.0,-1.0,-16.12911505953451
0.5053683935438977,-0.6245666708404485,-0.41168315281637624,1.0146375632698552
0.5438838802618167,0.5627853916506309,-0.6627128354794045,1.7268679180635478
-0.26850079988178877,0.025881878216241105,-0.6680123692860824,0.4356534467229871
0.3701885918252108,-0.27707501768614184,0.07106833839388149,1.1609919840599963
-0.03202677435157453,0.30880113520683783,-0.9804543230760598,-2.656149763303068
1.0,0.15836391723997667,-1.0,10.023181218615054
0.2352214374895143,-0.8478614007779934,0.5337931462363368,1.1526346931413647
0.2385244745629873,0.8695089843934718,-0.39606644151971326,4.53591693357918
-1.0,-0.23083257022856452,0.03387819678001769,-3.888237671425548
-1.0,-0.6904125037990543,0.4119314514517807,3.0046553967171095
0.35161223071899217,-0.24062267753252575,0.6867327272832926,0.4459487870063244
0.5455989456065726,-0.5847964962730818,0.10795300991358081,0.6196716876897235
-0.20929423938014713,-0.14952706458637732,0.38897953033215904,0.16525385697936154
-0.46507061033976393,-0.37489578732565065,1.0,1.7215599286128043
-0.3098842561560087,-0.19175585239698978,-0.3842210375312405,0.47846805136717113
-0.21432896730206052,1.0,0.14418072516770208,8.155334696888415
1.0,1.0,1.0,26.096005510168705
0.01482881946852821,0.30996281778805,0.5252999230528022,0.4494499970704683
0.3485495121274156,0.281838480723795,1.0,1.3127201227979737
1.0,-0.1012745148870755,-0.26274162454579364,3.6991241190033204
1.0,-1.0,-1.0,-30.374222658217974
-0.7440335095022659,0.20420458039272726,-0.6930233745365173,-0.17522993098898573
-0.42190690485906623,-0.1541769620970681,0.7462624969403218,-0.32703070034472626
-0.2941684281853527,0.47081040171631483,-0.9568431547561349,-3.8314053668894084
-0.023952855617283886,-0.5629011074545638,-0.22014087729576182,1.515723784612174
-0.7140933842009534,-0.1549566193397216,-1.0,2.546410208813819
1.0,-0.7497699509514937,-0.1591965773944084,1.7326508342879494
0.5688635952228578,-0.5561838840537925,0.15848970450908628,0.6860757835208898
-0.9129339432734491,-0.9648761967406123,0.8645237060815729,12.011358988207084
-0.36374748791973266,0.07714575223539644,-0.6004098748748803,-0.7650455621791536
-0.6790726764777135,-0.7385628284538832,0.09814615634235224,2.302200985022421
-1.0,-0.5800455842377801,-0.5240014957516241,0.9118890389199406
-1.0,-0.8174521599964872,1.0,17.41681418880601
-0.271091688323819,0.02565341012462996,0.6427376253762018,-0.9485093700258143
0.6408386310273866,-0.7871492590685956,0.8179496846209882,-0.9651048738952741
0.814552030349992,0.858858244659999,-0.7650023458630897,6.745193548526258
0.015879074512534563,-1.0,1.0,-6.812901262094045
0.6724610863775518,0.982095652451701,-0.6701796506515829,11.382194060378398
0.12859161803674857,-0.038402704985177616,0.9241030418928444,-0.08194056930737592
-0.40212314722684206,-0.9408450247009175,1.0,-2.6889491919601567
1.0,-1.0,0.2930182587981165,-7.782160555341681
-1.0,1.0,-0.018654168121239767,8.429388642010679
0.6375402598716906,0.5913824834616555,-0.18934565348475463,1.271583642991923
0.27995757164215607,-0.33722324683155436,-0.2909257912383021,1.7610593050082006
0.989604624334858,0.5373354834458257,-1.0,11.700892680379871
0.20231778953978585,0.32722566709286793,-1.0,-3.082648787013365
-0.44506425202096844,-0.7294002716724601,0.14074185985118048,1.4292173761861486
0.15929816286260223,-0.3913949579965632,-0.3063012152967479,2.105632870513257
-0.5571642708490072,0.09890337694621665,0.5694372179582576,-1.553615383463479
0.2559410282114871,0.02917248850239873,-0.38261968755751585,0.8514795653660097
0.27344870214984285,-1.0,-0.35720746789986335,0.9180451710998492
-0.005759308102828209,0.6223949262243944,-0.3655797600017201,1.0277880280420284
0.3577982696363946,-1.0,0.09778676396119335,1.5706791774790845
1.0,1.0,-0.0626314277879716,15.634559557277266
-0.20213626077318958,1.0,0.5356962612900977,8.383159693111606
1.0,-0.5954161174432682,-1.0,-0.12086255126408019
0.4374038645603231,1.0,-0.15730881073185965,8.37848559372111
0.8481150526174568,1.0,-1.0,19.78271358584261
0.5905199182872494,0.3269747922898134,1.0,3.4658230412886604
1.0,-0.4626768361535474,-0.5750609364232304,4.604287892597211
0.012594484737661338,0.4331304760032286,0.02953334521649076,-0.2986968713375829
-0.9816711346661713,-0.5453289571608215,-0.29239779684469025,-0.009281821786356892
-0.16764419240395334,-0.5517363182046382,0.5160726044592356,0.004396925446212396
-0.4004003387705448,-0.9459003500236318,0.4537269454447248,3.161926032302759
-1.0,-1.0,-0.5336564154256567,5.2992696289184495
0.8235766804180007,0.8960824620359136,-1.0,9.345576384442504
1.0,0.11487966206526323,0.2867959162644349,5.766533544656182
0.6863310404318785,0.02727190659731127,0.6893266769825512,1.9766195988217423
1.0,1.0,-0.13703593789475832,14.84971438199955
0.01330980582803587,0.7017708979100239,1.0,5.523185217739936
-0.28904314985852175,-1.0,-0.9507992064956945,-11.623051495352827
-1.0,0.46076316976019904,-0.18535266820543406,-1.878526130453055
-0.8062612980297279,-0.517146217579944,0.4898480126606213,1.9150900505483204
1.0,-0.46808741200462567,-1.0,2.7772661748320653
0.8982186321053907,-0.9934236223098818,-0.23732135523362818,-6.01343362763135
0.4279028503178113,-0.5599734228566662,-1.0,-7.3987300589765725
-0.9451360442129904,-1.0,0.16670582099219344,8.472192455958215
0.09447714051788192,-0.24257899994998566,-1.0,-4.211944826116999
-0.9988002857903184,-0.2915236535237602,0.443327882426495,-2.2526306244540995
1.0,-1.0,-1.0,-29.758045684654604
-0.5349241009536352,-0.5880192245462572,-1.0,-2.6644830304790714
-0.004129786515384204,0.35237197297356904,-0.10806973271515208,0.30726717209700855
0.07428953791174053,0.5705622941942521,-0.4300967391295325,0.9950684985472411
0.08077280223943584,-0.6104476310403455,-0.037734465095048186,1.7032481168305167
0.11274376658578222,-0.28560327535876673,0.7412064028928396,-0.6708076063637978
0.2125517703613642,-0.2037160565460061,0.3216001999559104,1.4750082548900654
0.7847609914286289,0.18866567881116003,-1.0,0.5266326375385498
-0.4179814453376587,-0.14704092279626146,1.0,0.06489044319779746
0.5901989457037313,0.3031596483629464,-0.623619349498765,0.9208201391245417
-1.0,-0.6242156859941814,-0.3346244059308452,0.36385880581498437
0.556373112907405,-0.12030814829767356,-0.22100052754106558,1.8602466873893042
0.9204447301510397,0.42457237971346107,0.04761402199564069,4.549527489712659
-0.6377806560236488,-0.2971939575959621,0.5851348158131955,0.020398336537912565
-0.8310452920285252,-0.6712055395451009,0.5427516477095613,3.2873110988022547
-0.4721014869589879,1.0,1.0,15.257907614900676
1.0,-1.0,-0.12489215052935343,-8.294272425986517
0.5650150058800976,-0.12757795849664522,0.4476814985377142,2.2017403733824983
1.0,0.16148473176403622,0.1759315408543629,6.2987104311276
-0.49348311760008223,0.0021142973670162934,-0.2772608924995219,0.06372126500512987
-1.0,-1.0,-0.4889231634032105,4.581952401056956
-1.0,-0.33378616703307373,1.0,6.278515916692923
1.0,-1.0,0.6856598746920215,-6.693785366642083
-0.11978911046723839,-0.7833806782337474,0.5659214787799738,0.6560247132521557
-1.0,-1.0,1.0,22.223888516606788
0.3459115926233085,0.4790322838936525,-0.3782681290767622,0.8622610136705766
0.6224754301607014,0.20684982869184454,0.47913674257051464,1.9075505479230066
-0.3530921363633259,1.0,0.7755918971547042,9.711732937170165
-1.0,-0.8702782205912851,0.4927956157816784,8.547192304819434
0.10792995251862658,-0.45567502766315093,1.0,-1.670289899321012
1.0,1.0,0.6480354482453989,15.565086907220179
-1.0,0.23974805384851416,-0.4505351596143319,-1.396589244372198
-0.18325273709204337,1.0,0.907806674279497,12.038284539100008
-0.7141525676003833,1.0,-0.995057300082488,2.137704699780662
-0.4739848359496741,0.48877723999311184,0.09607462736363126,-2.0800088443874643
0.38054469712999595,-0.31477085648788994,-1.0,-4.67481185680799
-1.0,0.620864648758974,-0.44514386680921314,1.0273862301788594
0.41927717550094457,0.7282097042535369,0.25477105606795813,1.5756145131070503
0.44510824775466307,0.00900238967036504,0.6753300216120413,0.9079110090469057
-0.7004265998456307,1.0,0.3148646081558828,3.3522705525048364
-0.9494890407744667,-0.8821547039378936,-0.6649444829057851,3.7648545746855637
-0.5797259175244476,1.0,0.805499588043801,8.541746497271426
-1.0,0.7246326007903432,-0.7270026202935738,6.756178435936689
-1.0,0.046259434187578385,0.360059438387452,-4.1595004188767515
-0.8322101863805906,-1.0,1.0,8.250827047453965
-1.0,0.9384789393437813,0.6877194305859995,0.5430850959152058
-0.5680745696311962,1.0,-0.9012471800674984,2.533642647850063
0.18873433863833444,0.2876335660480509,-0.9205827085122018,-0.9514374504285339
-1.0,-0.19429948328274316,-0.6756094428403772,-0.5280920776070488
-0.2946907389703366,0.3882825113028767,-0.43974270343477295,0.36620954727396293
-0.15472905433684536,0.17392588794892583,0.9190716870216609,0.5165167710546288
-0.7300128543016982,0.48336500629648627,-1.0,1.7415727878439409
-1.0,0.8648258088192613,0.4511190191870169,-1.361595139296618
-0.3151162644522325,-0.4660155798375425,-0.9019709870630015,-1.7441097499579161
0.25218627677995653,0.3409833476004682,1.0,2.491808341324539
-0.5298377360094937,-1.0,-0.6621303158458172,-1.3280634411781795
-1.0,0.1475619094145637,1.0,2.706838456403207
-0.5815627257446383,-0.79870294539487,-0.09983285454206525,1.647521912389503
-0.5631274674445526,0.9850710155568179,-0.7499762684966891,2.644432910351321
-0.4720810009672407,0.548854278660754,-0.2616314216776714,-1.0556782059494947
-1.0,0.9723955025903204,-1.0,21.353097446957605
0.06013740385405275,1.0,-1.0,4.687639554784029
1.0,-0.7266981757200577,1.0,1.100870155817385
-0.5315890398957404,-1.0,-0.40174879227971716,3.306452863593881
-0.7280808899646398,1.0,-0.27373950531641333,5.273532170595482
-1.0,-0.5252422198538225,-0.24646706480870506,-1.226194839350721
-0.614051592407068,-0.20909632283884605,0.7108603162301748,0.7106530301852151
0.6029240428383471,-1.0,-0.37983430714700295,-2.2150420073697776
0.9281212528045688,-0.6191356237373782,-0.9515750331944819,-1.5050853165261204
-0.13767895852460832,1.0,-1.0,3.2658918932301217
0.8859405040754635,1.0,-0.6501550403638197,17.76040115544177
1.0,-0.4925826715810935,0.6401844679935376,5.350866628031462
-0.0449467272429096,0.4544009753909266,0.7208339014431331,0.5769976857724339
-0.975238302468562,0.07816056579258412,0.5326265045389815,-3.7066413139013163
-0.4518090707570612,0.5615163920685204,-1.0,-3.8038963875082747
0.30301710419730155,-1.0,-0.8080141898082129,-9.430057736328735
0.08640813352025267,-0.7063570762184666,-0.1551555423136446,1.4547729886228824
-0.6301618132894629,-0.9119126671325344,-0.5203388426608333,1.986217977517827
0.8995251558811914,-0.00940160511198318,1.0,6.762539970943059
-0.8549087377302764,-0.715849645775241,0.08132315041081428,2.7580756837073284
-1.0,0.11379411509039494,-0.5044022285447847,-1.4792773062755706
0.48111354286712804,0.32613967083374207,-0.24172750402101784,2.0589981941812217
0.14801162789756295,-1.0,0.20834030363838263,2.004499552532928
-0.16387770216031994,-0.006775621423718681,-0.4581162494308455,0.4940418412481058
0.1329293528291453,1.0,1.0,12.130610248424313
0.7486804054176273,1.0,-0.7401451059070119,15.228578319227232
1.0,-1.0,-1.0,-29.329333704819216
-0.8789331065977868,0.3552899662084945,1.0,2.4183665327243853
-0.5249781669923508,1.0,-1.0,0.553943717831922
0.49271245886309933,-0.8956277692911896,0.5450145180657879,0.7005140173477491
0.34447741473965254,-0.22705309356674608,0.10773431400325206,0.7433460697197491
0.07811812352157288,-0.73946674610072,-0.8190258938312474,-2.5484125920031264
-0.018395114550270764,0.09853579111536281,-0.28955835426063814,0.4993569768700804
0.201290054836621,-0.19362091601911446,0.36018120719625224,1.5749304287770003
0.7473764265728655,-0.18571521551331438,-1.0,-1.8710823076015748
0.6425476154440977,-1.0,0.16106465568896766,-1.4627640769463517
-0.8611639566475027,-1.0,1.0,9.642191496959375
0.6165989748869731,1.0,0.3778009307209076,6.0316567258110965
0.76704334806753,0.5293632254402507,0.2426584848474147,2.530958761014765
-0.4654666094967057,0.14739751410923319,-0.7942776878669002,-0.4761729342663765
-0.3817208507519225,0.7538165195452637,0.4218268894984454,0.2431159959041126
1.0,-0.07348530279786258,-0.10558884205305064,5.150120273510559
-0.417665198468113,-1.0,-0.9607770684156425,-11.379241180309162
0.6651679820867622,0.6132866857507169,0.27583873019887717,2.980165107985781
-0.5153711512611532,-1.0,1.0,-2.215519465015514
-0.23983531278992398,0.8415905757375319,-0.3004222439939266,2.9542856223376823
-0.07971591133448674,0.8853039338357722,-0.9134917823307878,-0.42020832521382534
1.0,1.0,-0.0938680747323346,15.044459261318051
-1.0,0.5035973705963868,0.7954190725669583,-2.519175088621826
1.0,-1.0,-0.3570077454882499,-10.532240766704199
-0.7436291492221732,-0.1269140905905075,0.024641988131300252,-0.624551730044073
1.0,-0.10600680916382021,0.10134823796699721,5.202966944717757
0.1412879233753368,0.11553548965796745,-0.6637050729720027,-0.22818760792992143
1.0,-1.0,0.20329395685662743,-7.157183079647903
-0.806569554969117,1.0,-1.0,4.794432132352979
-0.18129623331358058,0.8866687601248329,1.0,10.624138530015687
-0.10717066505188666,0.38087324096800823,0.019899443132143313,-1.1227912487292717
-0.13335205171812037,0.01446067588904909,0.7869915912732848,1.0191665844997817
-0.18117646627525263,0.44735916142187304,-1.0,-3.664585478484389
-0.06209216616199975,-1.0,0.6613153558772307,0.0866526784566102
-0.618066839523778,0.3176042909953094,1.0,2.6161741430863166
-0.8416034655028954,0.9941076532163724,-0.16945112795023753,4.803005717306777
0.43490184945131083,-1.0,-1.0,-21.10303744376226
1.0,1.0,-1.0,38.88911776012536
-1.0,1.0,-1.0,21.533206696065267
0.6097598822385877,-0.031256798463335844,-0.49228275234671925,1.2183911194737218
-1.0,0.5458785975234199,0.12434826640705032,-3.417872579762135
-0.3167036897717823,1.0,-0.11025115409863973,7.604608981157736
0.16375455012092588,-0.2711693015709977,-1.0,-4.851183404905662
-0.8734628572369281,-0.0771159647815598,-0.2838699067531494,-1.77046983367976
-0.8161989832984626,-0.7517435983374041,-0.24426007299778352,3.1115265999728545
0.4863645122468254,-0.3814483660217438,-1.0,-5.716909841258692
-1.0,0.4338478780864006,0.4596263278504964,-3.774137809337571
0.18237179850393326,-0.6445097323145683,-0.31767382062072524,0.5071772616634276
-0.3216187223025482,-0.28908801872714496,0.2213331706903383,0.7096165725535986
1.0,-0.14623338952751364,1.0,9.806664383740832
-0.10848454228367599,-0.5619409315414414,-0.18181978748666694,0.6366207970014152
-0.4958591295249646,0.1106505320640776,-0.3286869825147911,-0.9245019623290798
0.20841152168917643,-1.0,1.0,-6.9724509290746
1.0,-0.8797638262408036,-0.33917314567845946,-1.6514731367387232
-0.14377925538350222,0.948599711866243,0.002449584462273169,5.10494398029625
-0.0330629075396347,0.03358576307408656,0.23665080148415196,-0.2775538893137631
-0.4652493307761627,0.5638091289346168,-0.8757885732851933,-1.7507668622618422
0.42317179569807317,-0.43048784764915293,-0.7881324403696319,-0.20088548047837368
0.541913756084363,-0.9135870505138064,-0.7499984287020116,-4.365561641747312
0.9045006590937521,0.5619355007824722,-0.7550274330129259,4.145360687273634
0.8639302009641601,0.12607504061528862,0.6998030893688925,5.523026688926262
0.7641291428238524,-0.7229508327096421,-0.25260766231035126,0.5947651651945367
-0.40115083699793375,0.7813889367833646,1.0,9.65167813929815
-0.11949143558817932,-0.0640379753197764,-0.2785863559742092,0.26370258453858936
0.4739159389708958,-0.625774779641413,0.6618705375795699,0.5288807443913468
-0.08226139782255504,0.9242535241385594,1.0,9.937194427815653
-1.0,-0.31974229046199576,0.8824072794756221,1.729710702318532
-0.4535851167744607,0.6781894680345988,0.4477382156351144,-0.4650759377661
1.0,-0.6195165484220202,0.2759814480431979,3.8638854052814646
0.6206138367223699,-0.7372914277217701,-0.7142533133510405,-1.1627588665441562
0.3452894907237989,1.0,-0.5441401956789818,10.325742039012804
-1.0,0.7751814191633393,0.4889632524407235,-2.308944678142158
0.09925949774269172,1.0,-0.15509316726212297,8.868694895940864
0.033977125072208514,0.4591591824138703,1.0,3.278049721063773
-0.4985227263890817,-1.0,0.3849594685123079,3.319051812458788
1.0,0.3992018855145121,-1.0,12.520548118874306
0.8945945249680409,0.7397877240106099,0.20287687122765008,5.521811733402396
-1.0,0.05306938127237815,0.06458046436210574,-4.5900779677812755
0.1677314936019263,-0.385905958341239,0.3800562763577455,0.7685784896944885
-0.7764446397433644,-0.7029113306640056,0.6559962398280963,2.7487107309552865
-0.5734133907060248,0.688306678683398,0.0713674223800771,-1.8614843565552364
0.04260705618465721,-0.45173481549420447,0.09062286450146373,1.1013358043970678
-0.6456342030088238,-0.11508032624171172,-0.4118405960324527,0.3988098711791583
-0.6253218964627225,-0.8396743078615116,-1.0,-4.555417777811307
-0.3443999130132589,-0.17584612501644803,0.13191026996822486,0.7580675796733838
0.828911498238655,-1.0,-0.5999748683004611,-8.719342869978195
-0.5918534760563339,-1.0,1.0,-1.0631059123087556
1.0,-0.727264779409426,0.5173008307710776,3.1310213731116496
0.3225600624310865,-0.08481340017826078,0.9639635050820574,-0.7836022582060382
0.22679565548336544,-1.0,-0.31039436059774705,1.4877391628218906
-0.738010398672136,-0.6448248828787018,-0.28114803713941705,1.7995413780520466
1.0,0.12550910965083095,-0.7711676815993349,6.938023929303777
0.8307060148074554,-1.0,-0.7333670510825951,-12.406395295011805
1.0,0.19879504189152586,0.4916785178652143,7.722701806280704
-1.0,0.18117997577492728,-0.5419279633012359,-0.8456359044401343
-0.19675208058164673,-0.04161940969442046,-0.1763172116426266,0.4401163151622931
0.8970972951491258,-1.0,1.0,-7.546973483086548
1.0,-1.0,0.6627817710705914,-6.033753378118424
-0.9562957632112461,-0.16735016495597277,0.5106605457077167,-1.6601969720878438
-0.0020146596977554942,-0.43257041638648386,-1.0,-4.867059063504845
-0.3772309312535145,-0.6738068446028678,0.6539841558377637,1.4505616397311327
1.0,0.8633798349517925,-0.40862709774129824,11.031703001195341
1.0,0.4161007494013915,1.0,20.03321485448868
-0.26993186961475724,1.0,0.7956851965016853,10.332409116185397
0.7853476451540042,-1.0,1.0,-7.539814231252123
-0.8018070897579119,-1.0,0.3597209940986583,7.423451029904543
-0.006667673790767159,-1.0,0.5327944030818499,0.3013452846712479
-1.0,-0.12339460824719173,0.029758658646212188,-5.586836914871016
0.3217374404982831,0.6431078100552492,0.7097988363463923,1.592029112119577
-0.9480929601398784,-0.5572836183206811,-0.599259889123795,0.48681080877841987
-1.0,0.23143323707137609,0.02731297345509698,-4.810038588843441
-0.21241422923163822,-0.7951496332270434,0.7061608646742865,-0.48389943159029714
-0.4874209697952805,-0.06661748091586284,0.35449493357372486,-0.8727776864209937
0.1918541671655074,0.7817791316991727,-0.7211182561665537,2.0871501238478998
0.2138467948521907,0.6939970506006135,0.32292640940150674,2.0824682577313185
1.0,0.08449974830620377,-0.42855501733726653,4.035244624964406
-0.4552365468650641,-0.5136024391995919,-1.0,-3.149204836696998
-1.0,-0.03476850482248128,0.5239665557708479,-3.612525920583761
1.0,-1.0,-0.7678071973589,-16.720071451222395
0.22229200063199595,0.7796095256383633,1.0,7.006753889287325
-0.9130720548575921,0.0012394322622202303,0.15696348883014455,-3.345657710999735
-0.1970217601319797,0.31177703932174206,1.0,2.5422608842539938
1.0,-1.0,0.9040720946265046,-8.562370474724714
-0.7277712267933301,-0.05539506275796491,0.4955350589991532,-1.2832135720867788
0.24684351573287122,0.6134452108226467,1.0,4.159845814650714
-0.23860037399497824,-0.952423554084521,0.7286004004874378,-0.08101681361775515
0.708595834014806,0.7907022417220717,0.2841985126379858,3.140310786511757
0.3183907306133531,0.8516661378163823,-1.0,-0.7947956778037689
0.5829093058324173,-0.6279422594870792,0.6591783698272811,-0.6251043211974878
-0.6388786685216197,0.9688554712235666,0.01888881000059439,4.2576899687416985
-0.40026534305914097,-1.0,-0.49753986183055754,1.8542098219068077
0.23813312706568368,0.5791875067625218,1.0,4.106096146077724
-1.0,0.43306753067413317,-0.19258621923312158,-1.9244177557454012
-0.21020730421936196,0.6848064939943264,-0.13180569456416946,-0.19909110621984846
-0.32844915173849065,-0.9343536179288949,0.3527832679089953,2.5560912456308458
-0.8618575025326976,0.0492773159225679,-1.0,6.142826072656824
-0.9706679930839761,0.3001315648957028,-0.4536951213078526,-1.6036495115096623
1.0,-0.16215389920993162,0.319115281263326,5.815663972668197
0.12826091719109667,0.5057215926053282,1.0,3.5245042623757916
-0.9581763949119342,-0.10118387960127251,1.0,4.14593190903753
-0.19566995332031456,-0.5261987275923599,-0.24044480259160328,1.2677681414120288
0.2112314226543628,0.3542949048007238,-0.567143469184495,0.9048586609466258
-1.0,-1.0,-1.0,2.2991907836948
1.0,0.38935882042020675,-0.6905716260658901,5.265539515913199
-0.41738502171332104,0.024514830091228346,1.0,1.5210659859404392
0.776798105250863,1.0,-0.6684405865810699,14.486074082990884
1.0,0.004945295976577668,-0.10659995301296021,3.8886357949024513
1.0,1.0,0.1251814393920041,13.64375348200288
0.8615244700572808,0.13344726602722656,-0.08922876021254922,2.482101476192244
1.0,-0.8244851425533808,-0.7103316028507796,-0.02139474006512323
-0.7844857022713914,1.0,-1.0,3.244899058727515
0.38643616287375293,0.2769699304549875,0.24840941422718132,1.048313956758002
0.8934736377861539,-0.6402368809335734,-0.3028644734100725,1.4922838140883092
-0.15762814716706441,0.6288401241852766,0.31802067884641283,0.7278996930864178
0.09032540108881859,0.1920877375888974,0.6547805775221076,0.21808290778063882
1.0,0.15138371199167433,-0.3069881464310791,4.507369499926439
-0.031091367405276182,-0.707760663085873,0.6782683071569353,-0.21654106611345697
1.0,-0.7970770763564046,1.0,-0.8264501016853907
0.06613066263055467,0.4214080051392681,-1.0,-3.1733270490438343
-0.7260847090209912,1.0,0.543223595253848,4.237583157581508
-0.9638314433158219,-1.0,0.7960307346473563,15.817046399683527
1.0,-0.9360773896184154,-0.44486342537089274,-4.638964436163403
-0.5366305409835728,-0.2055393765827167,0.4509239979914992,-0.005361680717333839
-0.17831733456830445,-1.0,-1.0,-15.714434299848017
0.6244978234322789,-1.0,-1.0,-24.76435911610244
-0.7404561285420479,-0.2214575238366725,-0.8528924174831178,1.3846866654561334
0.03813975473290854,0.16406163300045762,-1.0,-3.719452216375675
-1.0,1.0,0.08104998635680638,6.889288680688565
-0.9214821754789906,-1.0,-0.17105207760550445,6.6409944399456045
-0.4452344810322644,-1.0,-1.0,-12.796515865000114
0.8208193927130867,-0.14808730276913962,-0.42688127152746747,1.7517062003478254
0.014356530826322045,0.49956942332393517,1.0,3.6018672420660756
0.14150570116743544,-1.0,0.3397154992019429,1.4010527657944172
0.5698568240641768,0.6263121924655091,-1.0,-1.5756948678084735
-0.8715094843900912,1.0,-0.22919164539069414,6.0021002956013225
1.0,0.7416665839358072,-1.0,16.48108385717827
0.44446219058135283,-0.9464167361449591,0.13866069090037558,0.5544025827964247
-1.0,-1.0,1.0,22.309756759214803
1.0,0.12368279097033441,0.3449609194962566,7.43460741648231
-0.7182710589776309,0.3262475236318425,0.06984828837889934,-3.2142316941411275
-0.201885526852712,1.0,-0.0001855920336844008,7.204542784265913
-0.18598378165036067,-1.0,-1.0,-14.874715448016616
-0.010234730162810513,-0.45573105509689427,0.9571062344471197,-1.118202279587062
-0.3317885275225969,0.008024940891524723,0.08296047752157931,0.18458588835581607
-0.517640484665266,-0.5477153720774266,-0.464953265998576,1.3064092559078726
0.2883999694884407,-0.7672345882793754,0.8743878952302515,-1.0120530553743614
0.13675327394770487,0.8168272356738837,-0.3798640889703562,2.991357273790521
0.15337984447787134,0.4208863695227296,0.12386916937082848,0.6815078172723581
-0.44422365123319496,0.6148376044257708,1.0,5.53861235018727
-0.7373201136718897,0.6900505624431885,-0.12497017845110614,-2.6301004557904912
-1.0,0.4404310985241624,0.6391494074223776,-3.996367675191597
-0.8311132379382964,0.3044211816304663,0.19987736135797807,-3.5873360353767363
-1.0,0.7130555389242492,-0.5353302022882509,3.9921351390217574
0.6330721372265107,1.0,0.21032817959168182,7.004569513783015
-0.7499679748018397,-0.3612483482427815,-0.7314973129283073,1.5538036241758317
-0.5425554495866565,0.044744363820616195,0.8052716088639327,-0.40704024839074643
-0.6040159785196983,0.2724298482046219,-0.49967402717464804,-1.210985551706326
-0.21191381248522556,-0.9206992158931928,0.36803492398286597,1.5966798985528863
-1.0,-0.529091356691834,-0.7940271216928694,1.3965387891747751
1.0,-0.46333697983833666,0.8839913913704873,6.10338726369926
-1.0,0.6290432396793297,-0.36073682356014825,0.5531220409074967
-0.6511097536261734,0.6236431581619213,0.0019988069130052466,-2.6220337720762323
0.8023349199478498,-0.6774143657716409,0.3024336472925566,0.6014943438157148
0.9904366445191166,0.915982604026228,-0.7408606424271351,17.93420189018864
0.16558042459341582,-0.5554779713056488,0.8720781917723301,-0.5580781832969485
1.0,1.0,-1.0,38.62523106408993
1.0,-0.8213816442102555,1.0,-1.0496381953620515
0.8475609691502934,0.4158256108305698,1.0,10.741229605278257
-0.12197625348809615,-0.7816081508006982,0.13647802671289133,1.4625836164026274
1.0,1.0,0.4389550717115962,13.606314137317536
-1.0,-0.25321975920865936,0.5165119394832076,-2.047767489350489
-1.0,-0.6050797004878863,0.4613815038661748,2.5295363250811875
-0.2880081017035929,-0.9605118833670359,-0.7306440841285491,-3.0036916142397114
0.6782901760964275,0.7057025747278334,-0.6970628062627344,1.578566617558596
-0.21488467719510806,0.4881909150562076,-0.14953543178484519,-0.2638249975153537
0.9470868984191889,0.2341920604345189,-0.09629415396681362,3.816799159016828
1.0,-0.31291552001756284,1.0,7.420009741625949
-1.0,-0.04289654047953739,0.05968271862825869,-4.7578814713673605
0.49019362719448556,-0.15488550287100677,-0.591004525885964,2.322944313583542
0.8438245774203166,0.7689655341931156,0.11874030381350997,4.426972975821866
1.0,0.5243026433972611,-0.04631855126763673,5.58389098257455
-0.1878607213302872,-0.848253906994318,0.17996923200286896,2.62974775086943
-1.0,-1.0,1.0,21.33421648886528
0.7073157126287257,-0.279804904204479,1.0,-1.1850029929930137
-0.2565789661344371,-0.09967565594227956,0.17450193384810642,0.22914286783531873
-0.12642275023799376,-0.21001419001421162,1.0,-0.24757509405138428
0.5218759245031745,1.0,-1.0,7.703031627202184
0.3843928327504973,-1.0,0.5718535262948827,0.060825081720513596
-1.0,1.0,-0.7104632840874614,12.867640081281008
-0.22958947148807662,-0.6798830421484969,-0.05522459291378401,1.701951925331677
0.8877810336830401,1.0,-0.34659955016586763,13.476766690575436
-0.19839874719349537,0.7869718929667511,-0.7656553783477507,0.2374861307385796
-0.7245336036158931,1.0,-0.5765404224571311,3.8297278578612306
0.8880357421328631,-0.405642159769553,-0.6308394698033362,2.883312320484822
1.0,1.0,0.40937877572327297,13.619565103098095
-0.8762806789075379,1.0,-0.9684274466209368,7.207597669384324
0.0011053842542818604,-1.0,1.0,-7.183791631448582
-1.0,-0.11018741616626326,0.6693037267684903,-2.397903894895783
-0.6012357136458428,1.0,0.7599460403531124,8.149888480660698
0.13638623120065052,-0.5859358241732349,-1.0,-6.35871170825446
-0.9585509360933837,0.3229279297103109,0.7506987916942873,-3.345970856786085
-0.2133559266585452,-1.0,0.15091602641907076,2.8090934632740554
1.0,-0.14769528591327252,-1.0,7.627597612595244
-0.23083786884786628,1.0,-0.8292230353876247,6.308302257211064
-0.11991114607818476,1.0,0.4332476128785163,7.606103771290049
-0.9999296446981167,-0.3402978272132484,-0.21264507057259507,-2.6972872374398786
0.15811306710921547,0.4295649678667788,0.32629377464187304,0.4872259319385672
-0.9935835400957957,1.0,0.7090948927958294,1.467308485798635
0.5398074851678831,0.09016026525180099,1.0,0.29636280548758576
0.3596596545034718,-0.05216053175756419,-0.3432572387405166,2.23346507524903
1.0,-1.0,1.0,-8.283348486186112
-0.6482540914832993,-1.0,-0.3170073491824714,3.392806048238854
-0.558737216872176,0.6477662856962187,0.6993327002824563,-0.10817273551265094
0.267150873714213,0.10348323983584207,1.0,-0.09074530744450088
0.548087405039138,-0.1314011888706066,-0.6806378462405582,1.3188566502583194
-1.0,-1.0,-0.3742736356336196,5.292308271680968
-1.0,-1.0,-1.0,2.3046055414950177
0.15991979298289904,-0.6268834652318884,-0.7350195350034805,0.2186289794617316
1.0,1.0,-0.05899599517030141,14.520611444005056
1.0,-0.23578334947900315,0.8912752978109746,7.828007967000329
0.8916577968331825,1.0,0.013167925400200842,10.472008872485896
-0.539442732512442,-0.5853353757651603,-1.0,-3.0857604202297226
0.10863552288015899,0.6424953650565464,0.03513953229229472,0.6950267347888348
-1.0,-0.7099247253488599,-0.9136293714215591,3.5494386248340035
-0.7282388232583588,-0.6807300390182762,-0.16052310845631013,2.6535019794650534
-0.7709535064979565,0.2790226387384789,-0.5448322174239792,-0.5805564815557702
0.9548371162005933,0.36772794849913937,0.271484832387467,6.749487128126522
-0.7880943887223308,1.0,-0.631283045969202,4.064770914788978
-1.0,-0.4913694687431056,-0.031718200197230484,-1.4348079555322861
-0.2652028421564032,0.5954035656799028,-0.01824465781443685,0.23243528807098984
-1.0,0.5029680067611009,0.5520043459692732,-4.414156287430431
0.1690592753030078,0.9973915137605542,0.4531466181024537,7.477761121369541
-0.2888618772399876,-0.20568506312167711,0.7611111423460921,0.09344517395117552
0.798977507952259,0.33246819471733824,0.29923691913202055,2.888380681993814
-1.0,-1.0,-0.7526718232131315,3.6910399916353724
-0.5343753369071396,-0.9923973455832333,-0.30640490039046764,3.0243159047671244
-0.551765742996251,0.22558223556203005,1.0,3.0299362709781574
-0.4187936925778264,0.7151203053384807,1.0,6.279851040217697
-0.8629969026549409,-0.02702844035542995,-0.5347317716900193,0.22317482480079093
1.0,-1.0,1.0,-9.254616537624214
-0.27102117619834676,-0.7640024662464526,-0.7291041926235822,-1.2631943675121304
0.3098549625853466,-1.0,1.0,-6.232764818528842
-0.08501484236552836,-0.27826361304660185,-1.0,-3.969287099229082
0.41202712820720255,-0.3084281636140844,0.8050188143540209,-0.942005984880355
-1.0,-0.08413351603114072,0.6821888600571182,-3.4779776591349014
-0.8528931491150389,-0.07445150533007205,-0.7520541581904707,1.5942601941058892
-0.6527150539986248,-0.4609100180776786,0.2923437124340431,0.7718675878074773
-0.153147886621116,1.0,1.0,14.680485519204483
1.0,-0.08532022462569921,-0.4291142181238594,4.105506372639051
-0.7989158761782662,-1.0,-1.0,-4.082007109104027
0.3797162672723047,-0.09566360353089554,-0.11540922254004071,0.5284136452992038
-1.0,-0.10951926916018029,0.4456106145723593,-3.151014412649168
0.0981813509514331,0.5744305561755696,-0.007579163500005537,1.170086215917994
1.0,-0.05860207220696223,-0.1893120233670409,4.339247078786343
-0.32480176207497413,1.0,0.2576089260612233,6.86245652322306
-0.01940436240406984,0.28881665741012985,-1.0,-3.108214680570144
0.34803425924534026,-0.3519378237545294,0.2505371695060925,0.8596956949338352
0.9751199303704157,0.24653473930164416,-0.9201357638820558,8.54912659596116
-0.5400659243506603,-0.3541117882184719,0.7426942182402438,0.5296198261107432
0.30283267975635453,1.0,-0.9787015656472853,7.202446885934878
0.15979189677506578,-0.4023199494437164,0.5404998185313936,0.9032074335745233
1.0,0.5468480454466023,-0.18122597899817072,5.533037290863957
0.5890014644477226,-0.6797125263365584,0.45880109452690343,0.3675885847050116
-0.5264961951432876,-1.0,0.949286372487613,-1.2377987944531141
1.0,0.9154446318508758,-0.004475143554496741,11.044474667269489
-1.0,-0.15437808357350935,0.10451608828233439,-4.246287177036228
-1.0,-0.707675636426625,1.0,13.323624475047106
1.0,1.0,0.12711561604829646,13.468153625788057
0.6432874668456503,0.10897060651602608,0.46981144665810737,1.9052148019050248
0.32279800105350565,0.44477137679311296,0.47492066164798596,0.8208893129698
-0.7714013051407491,-0.6063405952508312,0.04879897671553057,1.078748869312124
0.9713872409696627,0.6964356861081986,0.20666712711859647,7.017000534148088
-0.019144977391680973,-0.6693996875013342,0.3705928997898167,0.8002378216432298
-1.0,1.0,1.0,17.2813007867451
-1.0,1.0,1.0,17.23815486581542
1.0,-0.22161312148725765,0.7649672104013661,7.476646246677962
0.6755031757839902,1.0,0.29031226447822944,6.993076716199257
0.32742828651536726,-1.0,0.12177478436576994,0.8409839130723538
0.18506638561046151,1.0,-0.5587337350384909,11.191226321172255
0.05534245901320389,-0.048312217321703654,0.45302031071169746,0.8439014854970415
-1.0,-0.946132086856458,-1.0,4.026764152571941
-0.7685108115855657,-1.0,-1.0,-5.145029335222292
-0.8670452612254671,-0.6265221961501874,-1.0,2.7945420773869314
-0.19224549740119046,-1.0,-0.6838230117683723,-2.9714421039815275
-0.37879658934181726,0.49973546646950506,-0.24389867483531646,-0.763784167351097
0.3458074696022946,0.6297453074183286,0.3222729394955419,1.8530069910103935
-1.0,0.9283224026168828,-0.7940076085309209,12.713897091495426
-0.28214777785493284,-0.7736970917145864,0.7601722195582181,0.08478940061526263
-0.4129445226726072,-0.9725873728642156,0.7222690553008186,1.1182045525705844
-0.23983295189475107,0.563390489996799,-0.015651817091169473,-0.009340840404492012
0.6700792956946395,0.9020670507166588,-0.35621024143061253,6.2982662113304
-0.7643059379024717,-0.09946611191968247,1.0,2.9567148213299435
-0.9383396055565405,-0.038835342342700585,-0.1778828412938176,-2.786619167449984
0.07211131539937754,-0.3361562725899092,-0.40420312056941476,1.0676058640074464
-1.0,-0.3176953843854755,0.6630472137439005,-0.7549251394222434
0.4763099991396649,0.0382056957351824,0.46245385625872726,0.7778003876473039
0.21744267568991615,0.06757193265332506,-1.0,-3.0484050895799815
1.0,-0.19591683408655625,-1.0,5.986198587409986
0.4571687514416558,0.11940214427517626,0.5120602410311503,1.0669638337530687
-0.1827554985147859,0.479967476640375,-0.3641635061030468,-0.04808603574382175
0.9531077147200608,0.8231638165169866,-0.05562702192799951,8.07407421798356
-1.0,1.0,-1.0,22.16278348525027
0.640831517409183,0.1571354340727733,-0.9346167118837028,0.9828439301132956
-0.8936584141006856,0.0247326975768567,-0.9994653135190927,7.3886369770136175
0.2750512050033853,-0.0748274283293211,0.18819020942610454,1.5512542322317184
-1.0,0.1910343413525164,-1.0,13.814331929822538
-0.6672583298576917,-0.2725679640479217,1.0,2.1009734479828035
-0.36719083482668524,1.0,-1.0,1.8567358325445595
-0.7534067906969242,0.40568705294796104,-0.6615881349968444,-1.1088119806006835
-0.6924586914708386,-1.0,-0.1362938101013933,5.05862567076027
-0.12266352709063488,-1.0,0.562102879051102,0.8818613211950768
-0.4352570826256539,0.05464583465189854,-1.0,-1.9219159585682726
-0.16253408081059328,1.0,-0.35205490789260496,8.501640485246956
-0.4484664184604015,-0.7133281941965894,-0.5243937258169802,1.3864929840036213
0.7787259303637228,-0.22815945661665116,1.0,0.6565015961078118
0.04208244533971928,0.6551365237483582,-0.5195350734008066,0.5926577529986344
-0.07340462901687772,0.11638101039074922,-0.9415382762812707,-2.197267425719647
-1.0,-0.9519153034725092,-0.5535711652287694,4.506461412220226
0.7643531693770893,0.9551566087392698,1.0,13.987323201029776
1.0,0.1377913006602307,0.747364125387922,9.307316904665923
-0.7897939307593089,-0.09722098494742659,0.7542833019823039,-0.5558839823737021
-1.0,-0.10483851323088511,-0.19574228304948726,-3.4209923427440274
0.1655742126101838,0.3937958207038641,1.0,2.1879087942686324
-0.9061720605979837,-0.7390898069502949,0.5493506744570285,4.74056232013359
1.0,-1.0,-1.0,-29.294552516196394
-0.4635615005939093,-0.6881915185917438,-0.6875987310922402,0.4297032043863134
-0.06687674518466191,-0.33369663050895104,1.0,-1.7287265032025843
-1.0,0.7690938570861543,0.5130198937208905,-3.0565610090644535
-1.0,-0.1851030531554252,-0.22459839210846422,-3.1889873344001374
-1.0,-0.4776449150098212,1.0,7.729743704689705
-1.0,0.0802855680970298,0.5956727465758642,-4.370121601734364
1.0,-1.0,-0.24721516623548334,-9.037749954240219
0.7350779886379588,0.3927797140513236,0.7249800836797557,4.41679398078311
1.0,0.5393410842240371,-0.059585057377422146,6.519106253774487
0.8395710122967486,1.0,-0.8389267527263813,18.666430344478396
-0.4648623390201585,0.9374340323368886,-0.06021804427356803,3.2140188117179185
-0.7684066847256503,0.36587853376827795,-0.5492074018607247,-2.0156588227544683
-0.727992679193034,0.35641107768924063,1.0,3.040618177721455
0.9790754539853794,-1.0,-1.0,-29.287225028881597
-0.1582026555420657,1.0,-1.0,2.4691188073374075
0.4397987968302075,1.0,-1.0,6.791866024450457
-0.5970551199008869,-0.22757764637497502,-1.0,-0.28383832980803075
-1.0,0.29536265670485085,0.7032801598535414,-4.04161245919528
-0.4016623024347241,1.0,-0.21391651773822007,5.826954594253914
-0.4754125532227784,-1.0,-1.0,-11.692006322667599
0.3546760220338967,1.0,-0.12548032850692503,8.713142232996614
-0.35671071432614676,1.0,0.697275434431041,9.106695608187374
-0.8233572517531977,0.7090724663383121,1.0,7.882509690455467
0.41626228633720697,0.6487837929572842,0.5555679804241422,1.8872700437420626
1.0,0.41489609792419246,0.18753162460630102,6.710084022279594
-0.4797996821678616,0.8080306783076525,-0.010571062543284215,0.4401441569715804
1.0,-0.8560048616362674,0.7276135095612177,-0.22575277634539603
0.02905261018472638,0.8979001170813077,-0.02949333634021789,4.847185672203769
0.4849020033458611,-0.4403449666372572,0.5751262604420013,-0.03756443517139707
0.23541076886603363,-1.0,-0.6732617645328638,-4.512416340550183
0.7952970111479345,1.0,0.15674292500336584,8.608032319434628
0.0520573625472478,0.13095261702511451,1.0,0.7262403356704654
-0.871395272485848,-0.8895971813241836,0.9772330836343046,10.4697214332031
1.0,0.4241769499780834,0.0009332401042847493,6.312502656570161
0.17894069766088516,-0.3190297246936793,-0.19487770879099298,1.0451837098340955
0.524701234356584,0.046446693197613076,0.8805991456008397,0.6211564743045846
1.0,-0.5054731834461288,-0.12716206146024578,3.6434477457842958
-0.45545422943460956,-1.0,1.0,-3.753414997330115
-0.3113827881250142,-0.37827631336192447,-0.40662522904731224,0.8814215243110484
0.02053638935328217,-0.9987245632708515,1.0,-6.465930357866909
-0.11623918873174732,0.10113761264810495,0.5535057991110635,-0.13236778892934722
-0.15093794643646974,1.0,0.19387912686038744,6.442071167036438
-0.8029558316435961,0.015646779703046843,0.0964063504681123,-1.992348023750519
-1.0,0.2665248134686893,0.41551466157487993,-4.940954343604644
-1.0,0.17480305824257014,0.6881659606359125,-3.664461486609549
0.13673391366077436,1.0,-0.855283319614371,8.869959546963837
0.06098796770980175,0.8305184831663213,0.08470842580323934,3.163518599444531
0.5814556774642365,-0.61451724092957,-0.26913247273291585,0.5439744913173127
-0.8029101124145446,0.7847959609727317,0.03289822669013143,-1.5924868790635482
-0.3831447487048498,-0.8496963346805428,0.4546115975804086,1.2818250851953885
0.07998322019807058,0.6325231653985648,-0.38240756962129385,1.1972947779975591
-0.34318704265702027,1.0,-0.11678886639340713,6.257260016304023
-0.6060941694496931,-0.6477924066385938,0.23471546087290784,1.5390553189264466
-0.5992544757191058,0.5194903442522298,1.0,4.301430128643885
-0.1907642603762585,-0.27140553181263805,-1.0,-3.8226130549149637
-0.6223988782019705,-0.8685373713280515,-1.0,-5.102690878490403
-0.9355398257616847,-0.31417973709284186,0.8699001689503372,2.1166666128337286
0.13166569431464104,-1.0,0.450528418484488,1.5632077445299801
-0.4505835913113043,1.0,0.323811300712584,5.929710166381473
-0.8167178062899241,1.0,-0.9099982361626107,3.811718155442296
0.5383485192533068,0.8040365205965885,-0.7192770419676031,2.5861098154933124
-1.0,1.0,0.9321151852111849,9.96121910262612
-0.31085332517069575,0.8673647772582505,-0.5341165464410105,2.5593791382830138
-0.9173225034119503,0.5825472279075081,-1.0,10.019353784466999
0.2313855609876485,0.7124942012946549,-0.09051025801490664,1.728524861959834
0.37546190743460817,-0.26967793009993724,1.0,-1.9869291174473434
-0.11175893262260006,-0.12815255807142933,-1.0,-3.7001775248751594
0.39923775399691674,0.9622567105640014,-0.5864366894710638,8.504566546315528
-1.0,0.7792137489705209,-0.09564584931297859,1.3632109681522648
-0.2467959471272274,-0.25707885668577246,0.8051510727750066,0.27056275463028767
0.8564167164341978,-1.0,-0.4577637909660617,-7.444768621781732
0.8183838007544713,-0.523487189608318,-0.4855330342216382,1.4616890600175516
-0.22499756119252967,0.13858342789980305,-0.038142775634721016,0.4240156855664529
-0.5091931374539342,0.6632568809173014,0.10875829161423511,-1.9040072220532267
0.975227766564726,1.0,-0.24026063744954151,16.075935253383673
0.6177078837773473,-0.4388232229023732,-0.5211346063997748,1.1407777408224993
1.0,-0.1443683801750939,-0.1276400667566704,4.714401826237562
-1.0,-1.0,-0.7847156456577387,2.7865431681121895
-0.11301604802703857,-1.0,-0.6890225887239396,-3.685310683033261
-1.0,-0.5534301710296494,-1.0,5.2333883517556785
0.24161412923505599,0.5361498712111221,0.4014034028748861,1.5039392881742404
-1.0,-0.2994720964511053,0.9464992689165126,3.612321304367018
-0.5496542451341464,0.6240163285973477,-0.11199078929200423,-0.6677161887157738
-0.5301591331170872,0.6251150289656009,-0.9370377689370417,-2.8803906574799343
-1.0,0.7948176398411786,-0.8906917451526812,13.50554359835032
-0.465605979773001,0.624892871179763,0.38912746701967116,-0.32884264760534154
-0.9662100481898719,0.9472608742635775,0.6230982959219082,-0.49863316482579323
0.4818834993990535,1.0,-0.25500827591055075,9.887575041657964
0.2215876418353353,1.0,-1.0,4.634390860604485
-0.37492054234378425,0.5951166381539832,0.44450071814271563,0.16383453561927558
0.43529755635604617,-0.19592258459195633,0.10841352796112425,0.9633355994345552
-1.0,-0.7626871249056981,0.13762901038249153,2.5525426538426825
0.9658859700488864,0.12970146472500121,1.0,13.004399839255157
-0.00530004226383185,0.5023888453612573,0.5435090091394115,1.0972104974355779
-0.5350865755407936,-0.3128914167478394,0.11528295801435906,0.6020194516950136
-0.1197372695804868,0.6027095318902993,0.7583300807369304,1.1193461192896208
1.0,-1.0,0.26263069635686165,-6.8226828178074355
