model,degree,train_mse,val_mse,val_se,terms_kept
lasso,6,0.6285344846787723,0.7858915853535309,0.04198604174153491,62.4
lasso,8,0.34827808631081336,0.4386652875068545,0.012872375495988214,74.8
lasso,10,0.2723193162990236,0.35655136557754863,0.005653395573179563,97.4
lasso,12,0.2478576711607635,0.3284445705364645,0.0037193054293773726,113.4
lasso,14,0.2430031944152129,0.33188494546634795,0.005185992025845071,126.6
lasso,16,0.24111379955851991,0.33658725037619996,0.006276576890713732,131.8
lasso,18,0.23947888492573383,0.3387277762687675,0.0074394856350995355,134.2
lasso,20,0.2384752289139611,0.33904615487504125,0.007412367067384055,149.4
ridge,4,3.324947635984266,3.7778357770546194,0.21304622054136207,
ridge,5,1.3033317994650553,1.6221299115536165,0.06375653980675487,
ridge,6,0.4353772650601478,0.5558585082688342,0.022073032788320762,
ridge,7,0.2372923298303336,0.3352500979535793,0.0038531305012781255,
ridge,8,0.17170126797756374,0.25798830546469753,0.007568583445840106,
ridge,9,0.1606914353231043,0.24721687946401763,0.006595057596538755,
ridge,10,0.16057173623025403,0.24054982905124733,0.007583927548791708,
ridge,11,0.1628788430667277,0.24018906125117515,0.007097265093868064,
ridge,12,0.15965704844531142,0.2374797573072957,0.007903516388864966,
ridge,13,0.16142700239360577,0.24486139120368575,0.007414691398290442,
ridge,14,0.1663564626964928,0.24174497073581866,0.008625110880851685,
ridge,15,0.16398104790090035,0.24541133739073798,0.009782910652603253,
ridge,16,0.16169109537631,0.24697373537802975,0.010162923130226589,
ridge,17,0.15971806627098697,0.25176251916294445,0.01111080148972506,
ridge,18,0.1578809951750914,0.25424955820507433,0.01151017138299183,
ridge,19,0.15606962566607194,0.2591153043231715,0.012448765323830817,
ridge,20,0.1591578215453055,0.2632386010863179,0.012669514427311356,
