variant,degree,mse_all,mse_z3,median_abs_res,median_over_rmse
ols,3,1.0232361358682058,1.0192085898328525,0.6742867342628018,0.6665867566130613
ols,4,0.7436500563295387,0.7328534671808835,0.5434832595527784,0.6302340507336144
ols,5,1.5539880634410612,1.5522206826580265,0.5783530654234493,0.4639478885002172
ols,6,55.99926271250889,56.04103708907463,2.18789733324245,0.29237200389865386
ols,7,5.9940229638910205,6.009393532840336,1.0884735625420043,0.4445889699933519
ols,8,3.6566389148017406,3.664228168504752,0.891130905279137,0.46601561310598766
ridge_restandardize_gcv,3,1.024253658923879,1.0188398726008514,0.6670218121999121,0.6590771786648197
ridge_restandardize_gcv,4,0.6752645126256003,0.6687986012371963,0.531047583589535,0.6462439251760337
ridge_restandardize_gcv,5,0.46681851626080095,0.46700899794761247,0.4294923910573434,0.6286102195995134
ridge_restandardize_gcv,6,0.5323539033291926,0.5340086419065571,0.431941117579968,0.5920035707567978
ridge_restandardize_gcv,7,0.5960664842204721,0.5976980451115497,0.48417542209021724,0.6271268401739095
ridge_restandardize_gcv,8,0.6705522215719246,0.6695414971461364,0.49698886218227334,0.6069184684260384
ridge_plain_gcv,3,1.023581084498759,1.0183504860313375,0.6711801216295172,0.6634038073717597
ridge_plain_gcv,4,0.6521559590964066,0.6468745437555244,0.5270225372596848,0.6526095939183699
ridge_plain_gcv,5,0.43788412954877026,0.4391511809118239,0.405331678174621,0.61253504946951
ridge_plain_gcv,6,0.4764113385020935,0.47724754505516664,0.4219028176754621,0.6112535315428763
ridge_plain_gcv,7,0.49204475545507964,0.4930194570316734,0.44562612928772893,0.6352846241385434
ridge_plain_gcv,8,0.5431240244885716,0.5440217666226349,0.46456882528366655,0.6303772864392949
ridge_restandardize_innercv,3,1.0213725568745171,1.0156951105051795,0.6705799361328107,0.6635267907955268
ridge_restandardize_innercv,4,0.6752645126256023,0.668798601237198,0.5310475835895319,0.6462439251760289
ridge_restandardize_innercv,5,0.47000992239391465,0.4718101658126961,0.43159922372852977,0.6295455257139128
ridge_restandardize_innercv,6,0.5323539033291932,0.5340086419065575,0.4319411175800266,0.5920035707568779
ridge_restandardize_innercv,7,0.5814523238634303,0.5804650815292648,0.48849602048463797,0.6406251358226596
ridge_restandardize_innercv,8,0.6705522215719261,0.669541497146138,0.4969888621822771,0.6069184684260424
ridge_plain_gcv_trimmed,3,1.0249992287535843,1.0192891060815026,0.6705260892921271,0.6622987128881269
ridge_plain_gcv_trimmed,4,0.6514558893457946,0.6451306723838873,0.5195506276322757,0.6437027529655881
ridge_plain_gcv_trimmed,5,0.4389834383918379,0.44020768317201237,0.4073633583522518,0.6148340264616382
ridge_plain_gcv_trimmed,6,0.4766065810506261,0.47731851707754797,0.4194016737381909,0.6075053989239086
ridge_plain_gcv_trimmed,7,0.492419947112785,0.49343778391884113,0.4525541615000545,0.6449153950051847
ridge_plain_gcv_trimmed,8,0.5439763739127713,0.5448165576117853,0.4709925904184849,0.6385928564718283
