term,coef
x1 x5,-2.6301970253935707
x2^3 x3,-2.4075458791795445
x3^3 x6^2,-1.930105762106719
x3 x6,-1.7458239820501043
x2 x4 x6,-1.7328799232935939
x2^2 x4^2 x5,-1.5937434681348897
x6^2,1.4674497160873219
x4^2 x5^2,1.4256665145926304
x1 x3^2 x6^2,-1.3221081836969788
x6^4,1.213367054330855
x1^2 x3^2 x5,-1.2076308313849569
x3^2 x4^2,-1.154214580313573
x2 x6,1.1510598944753023
x1 x3 x6^2,1.1426844933246016
x1 x2^2 x4^2,1.1096328362899122
x1^2 x6,-1.0460071889110527
x5^2 x6^3,0.9448794224418523
x3^2 x5^2,-0.939412084132021
x1 x5 x6^2,-0.893219060827283
x4 x5 x6^3,0.7700307965915779
x2^2 x4 x5^2,-0.6523764742232675
x4^3 x5^2,-0.6037717459275693
x2 x3^2 x4 x5,-0.56463012244109
x2^2 x5^2,0.5539018802212392
x2 x5^3,0.5187541925267
x1 x2 x3^2,-0.48988004781656946
x1^3 x3^2,0.4643191202075886
x1 x3^2 x5^2,0.42668789070440716
x1 x2 x3^3,0.37485011558003956
x1 x2 x4 x5 x6,-0.31237360681283494
x3 x6^4,-0.29636401000962076
x2^2 x5 x6,0.24065264133818226
x1,0.22452149975133728
x2 x4 x5,-0.22035280991995082
x2 x3^2 x4 x6,-0.21967123051467236
x1^2 x2 x3,-0.20203720962677435
x1 x6^4,0.19450225178064537
x2 x4 x5^2,0.1790176769092401
x1^2 x3 x4 x5,-0.168571083682424
x4^4 x5,-0.1664611901342514
x1^2 x4 x6,0.15309374947162838
x1 x2 x3 x5,0.15299708179000368
x3^2 x5 x6^2,-0.13603665406340906
x1 x2^2 x6^2,0.1358688536841844
x2 x4^3 x5,-0.13507569173927855
x1^2 x6^2,0.1348132960084521
x2 x3^4,0.12705152817712737
x2 x3^2 x5 x6,0.12617529906690012
x1 x2 x5,0.122322221746138
x3 x4 x5^3,-0.12052113067210428
x5^4 x6,0.11286101014721607
x4^2,-0.10244827261389843
x1 x3 x5 x6,-0.0920321316102896
x1^3 x3 x5,-0.0758643996440188
x4^2 x5 x6^2,0.07491008984125612
x1^3 x2,-0.06990817934584317
x1^2 x5^2,-0.06873580424793849
x1 x2 x3^2 x6,0.06831996343670357
x1 x2 x4 x5,0.0648386758237286
x2^2 x3^2,-0.06377438770129115
x2 x4^2 x5,0.05856290551276823
x1 x3 x4^3,-0.0575041235096381
x2 x4^3 x6,-0.054502862947456196
x2^3 x4 x6,-0.05230912583901958
x2 x4^4,-0.05089852014002101
x2,-0.04798899220142017
x1^2 x3^3,0.047735964996305426
x1^2 x2 x4 x6,-0.046879063806180725
x2 x4 x5 x6^2,0.046278580234377364
x4 x5,-0.04554611294311682
x2 x4 x6^2,-0.044131805741121126
x1 x2 x5^2,-0.04362774708128842
x1 x4^2 x6^2,0.04348208555110168
x1 x2 x4^2,0.03842912525683059
x3^5,0.03745328082155358
x1 x3^3,-0.035674734592400587
x3^2 x5,-0.034372761809832356
x1 x2 x3 x4,0.03433270228059506
x1 x3 x5^2,-0.033520651562347244
x1 x4 x5 x6,-0.03250374795023465
x2 x6^2,0.030265167540433947
x2 x3^3,-0.02986368819894173
x1 x2^4,0.028444556681774525
x5^3 x6^2,0.02836682847352574
x1^3 x4 x6,-0.02813827322149173
x3 x5^3,0.026364964743910042
x3^2 x4 x6,0.025902412159188877
x1 x3 x4^2 x6,-0.02568092246573486
x1^2 x2 x6^2,0.021956291996190352
x3^3 x5,-0.020850681443730142
x3^4,-0.020207673683985218
x1^3 x2 x3,0.01941896364709066
x4,-0.016599557460561253
x2 x5 x6^3,0.016441194342145544
x2 x5^2 x6^2,0.015199874006301444
x3 x4^2,-0.014931324591923496
x6,0.014909552371974671
x3^3 x4,-0.013485592535050822
x3 x6^3,-0.013241608886278348
x3 x4 x6^3,0.012646321804596862
x2 x5^2 x6,0.012473456852703785
x2^3 x4 x5,-0.011825877402259148
x1 x6^3,-0.010867526806366955
x1^2 x2 x3^2,0.008189339897362766
x2^2 x3 x5,0.007452031447753116
x1 x4^2,0.005456652258335194
x1^2 x2 x4 x5,-0.005015610106925853
x1 x2 x5 x6^2,0.004438124213131942
x5^4,-0.004359242039239378
x1^2 x2 x5^2,0.004136740395579679
x1^2 x3 x5 x6,-0.0023276941786089037
x2 x4^2,-0.0011597715053927426
x1^2 x3^2,-0.0001902014439350959
